linea_id,codigo_linea,grupo_id,nombre_linea,estado
B72E9950-7831-4E0E-8D25-0045A500E38F,MED,C94F44CC-7077-43BD-A9BC-AE622996899E,MED,1
5DDFD616-0A28-46B1-B533-004F47BED377,BAY,1D56D6DB-0756-4D64-840E-5BFD6F1ECE42,BAY,1
29D9F900-2F99-4305-A819-00D64254C224,MED,61F7BCA4-D095-4031-928A-CDA5DB911FD1,MED,1
D8B1247B-F759-4010-B14F-00FA8DF404C4,ISA,7ECF6235-2B98-4CAD-8D48-33D8237144B5,ISA,1
3132D0E4-11E7-48DA-97CF-010854FA22D6,DEL,271BA0BD-F6EB-462A-8328-23F519321DA5,DEL,1
025A2DB6-900A-488D-AD6C-02494C4DB7ED,ETE,AB8A15D5-5C69-46D7-AEF7-14DD2730B9BE,ETE,1
379C3A46-E334-4764-9ED3-02C5A76F610A,TEN,4E76074B-D882-4605-A3DE-6F7EF83160EA,TEN,1
92D04BB4-3220-4FD5-A7B7-0390D0AF2337,MAS,46BB1337-4FA6-433F-A497-45A2B54A32D4,MAS,1
93B9E7AC-892C-4496-B61C-0408533CFE0A,KIM,9617F4E3-0A2C-4D28-B720-268A9B9EA0A9,KIM,1
0403C78F-0529-4DFC-83CD-043C6740BFAB,SED,213E62FB-4DCF-480D-9A22-68999710161F,SED,1
393688FC-601C-4AFA-9AD4-04A7048C9CCF,MAJ,70DBE1AA-A2D5-4B7D-AEF7-F01D380BFEAB,MAJ,1
3F23DC5C-8DB9-44B5-8D73-050B3B80EB5E,OTR,BE0B1C74-DC0E-4D09-B187-71A1C86DC74A,OTR,1
81A0FCEE-1581-4E95-8FB0-068FF33D1BB7,SUP,1AEFF880-090A-4A7F-AD11-539EA080F806,SUP,1
98F2ABB0-56A8-4B18-AD2A-0735ADC5B467,CAR,C407F4FE-77C7-47F9-9163-BF810FF26256,CAR,1
D05261C0-71DD-4C4C-A35A-0772FC299F48,FOU,E6D68F89-7906-4C1D-9442-082193859055,FOU,1
49A40074-EF04-4507-896F-083480FEF479,PAU,97F66ED2-0532-4CC1-9C63-CF146E5963FD,PAU,1
F36E5185-2991-4312-9DDD-0882A971AF73,GLN,DA7D9F99-F547-409A-9FD9-24655A614296,GLN,1
3746CC63-4DA9-43F0-A594-088A6DB47165,MSC,36CDDDD9-4DEF-4343-A604-3D4F27116437,MSC,1
4BCD6BC5-A54D-4443-935A-08BBCB2410AD,CAF,EE54E9D4-FED3-429B-93DB-6D1535003346,CAF,1
7952D7D9-6E1A-4CA9-A841-0918CF81523D,FDS,213E62FB-4DCF-480D-9A22-68999710161F,FDS,1
8A508B4E-46DF-422C-9C29-0928F07BCF40,GOL,97F66ED2-0532-4CC1-9C63-CF146E5963FD,GOL,1
2E215829-F2E4-4487-AE5B-09B233FAF015,SCA,FD9F08CA-29A5-4A64-82E7-92A29DE59AD9,SCA,1
48A2487A-2824-4A26-A7FF-0B2CB6E1C083,BLI,80B6619C-1E0D-49D3-932F-FA6BF634DDAC,BLI,1
E5139912-36F2-47C3-B6B4-0B553B891B49,ART,4E76074B-D882-4605-A3DE-6F7EF83160EA,ART,1
CD9AEF0F-4F13-4F94-90C6-0BC4BF78F624,COL,75AC83F9-D5BD-4644-A363-02CD5CD42756,OTR,1
597A33E9-AEF4-4A68-8C9F-0BCBF57721DD,PHA,085C62E5-A754-4586-B2C4-741A0CDF26CA,PHA,1
709E84F7-1875-4F28-9DCE-0BF9004BF0D0,LIC,AF470452-69B3-416F-BE1C-F644870BA2E9,LIC,1
DCB84EFC-125D-40DC-A968-0C6C5CC516F4,HOR,F2EDD3FF-E4EA-4A84-A376-5131D827C850,HOR,1
323016BF-EE47-4E81-93DE-0C8752617E5D,EUR,E24D1D65-C668-4145-B672-457649B816DF,EUR,1
8D0D8078-FB35-4651-886E-0D132DB6E906,GOL,FDB874A4-5A85-4773-8F77-229A1D77B6BA,GOL,1
016EE83F-0C44-43CF-800B-0D459753CBF3,ART,7ECF6235-2B98-4CAD-8D48-33D8237144B5,ART,1
42989781-923C-453B-A601-0D5764E35708,POL,7ECF6235-2B98-4CAD-8D48-33D8237144B5,POL,1
C21977C9-59F2-4068-99B9-0DE540330FA4,SAT,AC4D58B8-9A94-4F72-A71A-B8EBFF28B862,SAT,1
E72F1E2F-B38A-446D-969F-0E56F0E39AB2,VIN,B7FA9F02-4F0A-4C39-BB15-CC379905C308,VIN,1
87827A07-A914-4E12-94EB-0F1DE2B9947D,ALI,5226DE8D-21FA-4E5D-B1B5-740E6F998770,ALI,1
3029698F-325B-4578-BFC4-0F46C1A4869F,MAR,B7FA9F02-4F0A-4C39-BB15-CC379905C308,MAR,1
BF1FEF5B-5E8A-4243-8ADE-0FCCB7008FF7,PHC,E24D1D65-C668-4145-B672-457649B816DF,PHC,1
5524B5FE-9149-40BB-A044-11235D96096A,AZU,16BBB6F1-DCD6-43C5-81F3-3362B5E957B7,AZU,1
9A0EFF9A-B2AC-4AA7-9F5F-11A0D1408C4E,CAR,B7FA9F02-4F0A-4C39-BB15-CC379905C308,CAR,1
EFC7BAB9-82D6-4B1E-8D43-1218DFECF40F,GAS,8EE9729E-38FE-46B6-807E-8142B1764B32,GAS,1
3E0EA7ED-5875-493B-AD00-1276EE470ABA,PET,5C9AE38D-ECB3-46D7-B5C3-9CF2A82E6508,PET,1
5722D448-E525-4195-8B7E-12A18143B263,UNI,5226DE8D-21FA-4E5D-B1B5-740E6F998770,UNI,1
B9911FC5-F1DF-4330-BCE2-1386CCF914D6,OTR,4795FB79-A30A-4CE4-BD28-7F814F86FDE2,OTR,1
986F3AC3-D2D0-4410-AEFA-141637FFD2F7,GNT,6A5F44E9-F1D9-4847-820E-08981583DAD1,GNT,1
FD22AA50-05C5-4FAA-9860-148ADDB5EDE6,DGC,BE0B1C74-DC0E-4D09-B187-71A1C86DC74A,DGC,1
66FBE214-1057-44C8-B784-152A6D438997,CGD,56950282-71E4-4173-A87A-880FB368F207,AZU,1
DE8D31CD-C2BC-409F-A593-1600EF8225F1,ACO,B41C2041-4BD0-49E0-8EBA-3DF8E848EE62,ACO,1
401B81D2-029C-4009-8CFA-16832B87B54D,RED,753636A6-D1AA-4011-A70F-8E255F14A4E4,RED,1
B17C11D8-C346-4C99-8E1E-16E1BD0988F4,PRP,159EE478-E57A-4A75-BAD6-2DD0A05686C6,PRP,1
35101995-885F-4DD0-8A1D-1751BFAE063F,ADU,C94F44CC-7077-43BD-A9BC-AE622996899E,ADU,1
7017FCC1-CE73-4483-9519-176C135E4804,COM,271BA0BD-F6EB-462A-8328-23F519321DA5,COM,1
1D63A4A6-35EA-4BCB-BCE5-17A103D28AA9,PIS,BA33EBDD-BCBE-44DA-BF9E-7543812CEDC0,PIS,1
C8E23103-4FBF-451A-B8E0-17B28AE9CA2F,OTR,213E62FB-4DCF-480D-9A22-68999710161F,OTR,1
7388FD7F-9A29-4BC5-9B50-17B3AFF5C8DE,BIC,98B4D00D-12A0-4FCB-A483-CB7E9251D268,BIC,1
03BACCE2-5610-44C5-99BB-17C86AB2F1AB,GEL,CFA16448-07FD-4FEC-A4CF-E5D4FAC9D47F,GEL,1
A378F9A8-2985-47A1-AA83-17FDDA514788,CPM,69ABD900-6B4C-493D-8405-7A28DF0D1428,CPM,1
2D423026-F9E3-4F3A-AC93-18BAC2C63D76,DSO,7ECF6235-2B98-4CAD-8D48-33D8237144B5,DSO,1
0395A4CC-A1CF-4266-875B-19652970DBB7,DSF,B2F45991-0F60-4915-86B8-1BA1409DA512,DSF,1
0A5F0E26-AB0D-436B-8BDA-1A44B3D83D06,CAF,C0D6D37F-3B57-4BFB-8911-B661DEF08917,CAF,1
E51B54DA-36E7-409E-9985-1ABB564A68DA,MST,9F912BF0-E89F-4448-AC1E-92120DF9F920,MST,1
9520DFE9-10FB-4084-A533-1AC506B06E08,GAH,8F118668-2EFA-4F3A-9424-997103F60171,GAH,1
BF43B4FB-FB41-4DA5-A65D-1B13EA5BB338,OTR,C3C27F1F-0F60-4055-A162-ADDCA0ED03EE,OTR,1
CC6596B1-48F6-434A-9D3F-1B1665AEF99A,ATE,EE1DC696-7685-4683-A486-5D83BE10E256,ATE,1
B9076BF9-0000-4611-8DBC-1B28460C5469,DGI,BE0B1C74-DC0E-4D09-B187-71A1C86DC74A,DGI,1
A783DEED-2970-4BF2-9133-1B3EED6B76C5,GOL,E6D68F89-7906-4C1D-9442-082193859055,GOL,1
7225B95F-AA7A-49E7-9227-1BC94F45395F,ART,75AC83F9-D5BD-4644-A363-02CD5CD42756,ART,1
D889B89F-3502-4ADD-AFB8-1C25AE6832E9,QKR,4806B275-4C0A-44DD-A6D6-7308C7478758,QKR,1
43F693C8-2472-42A9-BC21-1C363F62379D,FRI,BE0B1C74-DC0E-4D09-B187-71A1C86DC74A,FRI,1
4FA91149-FB0A-4B0E-9CED-1C5BF33E0433,PER,7ECF6235-2B98-4CAD-8D48-33D8237144B5,PER,1
328C83B3-4614-4006-A55A-1C7B915236A4,FXN071,215DE029-A864-4FC4-8A84-A539D8D373E2,OTR,1
6930B96D-4BF1-4F01-9B52-1C9FF1C15600,CDK,75AC83F9-D5BD-4644-A363-02CD5CD42756,CDK,1
AD2B8D14-8088-4903-801D-1CA0278EEF90,NOR,DA1ACF60-8202-4427-8DC3-CE91C6B7DDCA,NOR,1
1579CC8C-4BB4-44ED-BF10-1CD07DF46530,BDL,829D8741-4308-4F29-A6CE-2413390417C6,BDL,1
8A41EDE5-04FB-4BB3-9308-1CE5E5ACD30D,FJM,0DCE737F-A5DB-4C7C-BBD3-163C8A675ED7,FJM,1
C7075FBE-9C85-4E78-AEC7-1CFD398ED311,PAÑ,D7EE33D0-C831-4D75-AC26-64ED212B2607,PAÑ,1
D553B1E6-576C-436D-A7E3-1D1863335C81,PRO,271BA0BD-F6EB-462A-8328-23F519321DA5,PSP,1
6D24E174-29A4-4F37-B07B-1D9287F63C31,FDC,D3DF5F91-78BE-48F1-A946-C7D292252815,FDC,1
C994C0D8-A653-4FE0-AD2C-1DC0D9EFEC8B,RIC,8FE11CCF-1472-4138-9AFC-4CFF44C2B337,RIC,1
E8D35171-F9FE-4E8E-8C6D-1DFB0C7FB920,MCN,CFA16448-07FD-4FEC-A4CF-E5D4FAC9D47F,MCN,1
E0044B90-795D-4D4A-BB86-1E2ABCCC3F2D,COP,829D8741-4308-4F29-A6CE-2413390417C6,COP,1
592050E1-F7C9-4093-B6AB-1F333BB31385,PFA,5226DE8D-21FA-4E5D-B1B5-740E6F998770,PFA,1
D1EBA6DB-0D69-467C-BD5A-1F6842F3E0BE,LEJ,A474CA55-9A3E-4220-816B-65B7F97695DE,LEJ,1
DC469576-48FE-4885-9C75-1FEB20A3439A,FIN,D3DF5F91-78BE-48F1-A946-C7D292252815,FIN,1
7B21E273-4AF4-439C-9FDF-203092C3DB9C,PDN,CFA16448-07FD-4FEC-A4CF-E5D4FAC9D47F,PDN,1
FF4000C2-EDA3-47AF-B5B1-2043F50F2FD3,MDF,CC26BF86-3332-4EA6-9DBA-ED24F39C6C1D,MDF,1
EE78EEB4-7346-44FE-872D-20BA83F14D11,GEL,46BB1337-4FA6-433F-A497-45A2B54A32D4,GEL,1
764D3145-4966-4DC8-B2DD-21CDDEF942B7,VIT,90627D92-22C0-4BA9-9700-B3B7BCCCCEF3,VIT,1
CC012EA4-734D-49C7-B861-223B0B50A97A,VOD,DA7D9F99-F547-409A-9FD9-24655A614296,VOD,1
94990AD7-057F-48DD-9654-2266256CB856,CEP,90627D92-22C0-4BA9-9700-B3B7BCCCCEF3,CEP,9
F34A994E-6E5E-4D79-9BF6-22843F9A9859,ACH,710DFE5B-0695-47C6-9EB2-3685B5B1AC54,ACH,1
CB565242-A339-428F-A5B8-22A40A60526D,ART,F5370532-B9C8-4D9A-8F7D-E01A33EF96BC,ART,1
E070A619-B80F-4C11-8B90-22A97BDD7577,OTR,4806B275-4C0A-44DD-A6D6-7308C7478758,OTR,1
C1999527-EEC2-41DE-80B7-23CACCA35C1E,GOL,717D1E58-8876-4473-9428-53A19F9FE9DD,GOL,1
AC961178-BE4A-4AEC-B5A2-240D61029CEC,PRY,5C9AE38D-ECB3-46D7-B5C3-9CF2A82E6508,PRY,1
B0AEA9B6-4A9D-4091-BE12-2450C1BE7C37,K&M,5226DE8D-21FA-4E5D-B1B5-740E6F998770,K&M,1
540A143F-0F21-46C3-8EF7-245AD6B524B1,ART,5C9AE38D-ECB3-46D7-B5C3-9CF2A82E6508,ART,1
F5C47ABD-5B69-4E05-9107-2510D977FCFD,BEL,7ECF6235-2B98-4CAD-8D48-33D8237144B5,BEL,1
3731117D-F59C-450B-BE04-25E8EC6449DF,LAC,87D4AB46-4F10-4C8E-B098-0BAFC25B4704,LAC,1
6547442D-03B6-471A-8CE2-2618904AE175,DSE,B36F310F-891F-4062-9500-35C126345594,DSE,1
E14FAE15-823C-4CC0-8B18-261B3D9B812B,SAY,717D1E58-8876-4473-9428-53A19F9FE9DD,SAY,1
E953060D-E45D-4730-9B47-26E8634AB000,JAR,283070A4-F3E8-41B9-9ECF-7F0B92F69826,JAR,1
4A55F3E2-F350-4AAF-8E98-27CD69B0926E,LIC,7ECF6235-2B98-4CAD-8D48-33D8237144B5,LIC,1
C4991A52-CA67-459F-9F28-291DFE1385B7,LAC,6D656C72-8DD9-4049-B790-453EA1F94356,LAC,1
6680B585-5866-4F56-AD84-291FC8018A03,BIS,BE0B1C74-DC0E-4D09-B187-71A1C86DC74A,BIS,1
A9917A7F-5751-43DD-BE06-295F80D9BE51,OTR,2F03B655-43C4-4AFD-99F0-9B157B332205,OTR,1
6E1A95F0-7745-484A-8517-298D65C450D7,ART,B7FA9F02-4F0A-4C39-BB15-CC379905C308,ART,1
B77E3D84-C193-4B5E-BBEB-29F7D1C7E76C,COL,5226DE8D-21FA-4E5D-B1B5-740E6F998770,COL,1
D7194C33-4E10-4C3D-8B60-2A0E16AC7C30,YIC,B7FA9F02-4F0A-4C39-BB15-CC379905C308,YIC,1
814F1C15-6FB9-444D-8709-2A1402454783,QUI,B41C2041-4BD0-49E0-8EBA-3DF8E848EE62,QUI,1
592D7A2F-5DCD-4A7F-B6FD-2A88E4978DBF,DAN,8FE11CCF-1472-4138-9AFC-4CFF44C2B337,DAN,1
E569FED2-CBA3-4B77-9A85-2B2D93F20206,MOS,695179A1-CF2F-4995-8E25-9BC38F8D1D35,MOS,1
6A2C68A5-E691-4724-BC75-2B853F5216F6,GLB,8F118668-2EFA-4F3A-9424-997103F60171,GLB,1
BBC9BFB9-61AD-418E-8232-2C9F7A47CAE2,AZU,F1462BF3-A62A-4001-B2DE-25DBA88D0415,AZU,1
5B319412-283B-43F4-923F-2CBA9C7473BD,BOL,BE0B1C74-DC0E-4D09-B187-71A1C86DC74A,BOL,1
CD42AD08-96CD-4C16-9AB3-2D0A0D085D17,SAB,B7FA9F02-4F0A-4C39-BB15-CC379905C308,SAB,1
750AE035-6703-4DAA-86E8-2E508A79DF62,CHU,CFA16448-07FD-4FEC-A4CF-E5D4FAC9D47F,CHU,1
FF28B24E-021E-4D14-AB25-2E55DD257A66,OTR,C3C27F1F-0F60-4055-A162-ADDCA0ED03EE,OTR,1
BA1C4B6F-8B1D-48C3-8C46-2E6BF0D75633,FDC,0848E9FE-EB1C-40F2-8C91-659A5A24D2AC,FDC,1
B866F0F0-6697-499E-8BF3-2E6C8390A61C,REC,7ECF6235-2B98-4CAD-8D48-33D8237144B5,REC,1
804B5145-4FFD-4247-86A6-2E72F1C1F7E0,JEI,5226DE8D-21FA-4E5D-B1B5-740E6F998770,JEI,1
3EFADB5B-C666-45AB-A2A1-2E934D0F958E,JUG,4795FB79-A30A-4CE4-BD28-7F814F86FDE2,JUG,1
536227C4-3DA6-4371-9D99-2E987F0461A3,PAL,75AC83F9-D5BD-4644-A363-02CD5CD42756,PAL,1
276155B2-0564-4CFF-A454-2ED1F02ECA47,POL,BA33EBDD-BCBE-44DA-BF9E-7543812CEDC0,POL,1
A6E08FCC-A3A8-49AC-883F-2F864F35CA76,BAR,D3DF5F91-78BE-48F1-A946-C7D292252815,BAR,1
78F3798B-BFED-45C3-9AC9-2FAB40AAF760,OXI,EB74949B-061B-4FF0-BB80-4EA0DB5C07DE,OXI,1
5E11B799-E9B2-4565-ADBC-30A7FF17B69C,CLX,04E4EFA2-29DC-4D7B-9A22-77C00B64CD11,CLX,1
F45C8A29-8164-4888-8CE3-313968461759,DES,B41C2041-4BD0-49E0-8EBA-3DF8E848EE62,DES,1
8E70A8A0-FEE7-4EE3-9D59-314577EF305D,PAN,820D35D6-6AD9-4E2B-A14B-CA5B07A883B3,PAN,1
97BBDFF9-1B3C-413C-9EE8-31877D30E2B8,NES,710DFE5B-0695-47C6-9EB2-3685B5B1AC54,NES,1
122316EC-41E7-4BBE-B4F8-31E2D9E5BB63,SCT,248BBCF2-4387-41F2-9E36-85B707B4356D,SCT,1
2FD984B1-E21A-484A-9C29-320C9B0E192B,GSK,8F118668-2EFA-4F3A-9424-997103F60171,GSK,1
104B2C63-2E0F-4B36-A35E-32C4766D98CD,PIE,5A40B6C3-2ABA-41DA-9236-B5B2359ACF96,PIE,1
D9852526-18C4-49CB-AC9C-33AFFC562F79,A1,B7FA9F02-4F0A-4C39-BB15-CC379905C308,A1,1
733BD02C-3949-4C91-B640-33E893626E9A,DGL,BE0B1C74-DC0E-4D09-B187-71A1C86DC74A,DGL,1
4EE8FC81-902D-4778-B452-35A9BF2A1A84,JAB,0848E9FE-EB1C-40F2-8C91-659A5A24D2AC,JAB,1
37E860E7-D34B-44A4-AA68-364A96648E0E,DCN,A72352B9-352D-4A7F-AB63-E2B489957611,PLA,1
BFF8DED6-B96D-49B2-A9E7-369248435958,BLE,D3DF5F91-78BE-48F1-A946-C7D292252815,BLE,1
3ACE02D9-118C-4638-BD3A-36AB83CDD26F,NIN,8F118668-2EFA-4F3A-9424-997103F60171,NIN,1
B6B0C392-A3ED-44AB-9518-36B6C2840685,FSO,213E62FB-4DCF-480D-9A22-68999710161F,FSO,1
61ADCEEA-CFFD-4BB3-A28A-37297C6F0CA7,ESO,46BB1337-4FA6-433F-A497-45A2B54A32D4,ECO,1
BEE42D4C-47AF-45CE-80B4-374AE54286E4,MRS,7ECF6235-2B98-4CAD-8D48-33D8237144B5,MRS,1
DC54A41E-53D4-44E1-82A4-379EF681067F,CAT,BE0B1C74-DC0E-4D09-B187-71A1C86DC74A,CAT,1
D78780A7-4547-4519-9241-37C79DC4A315,ART,D3DF5F91-78BE-48F1-A946-C7D292252815,ART,1
E2F27782-DA31-43E7-AA5E-3A565BA6DCA7,RED,7ECF6235-2B98-4CAD-8D48-33D8237144B5,RED,1
8FC8B052-3442-4087-965F-3A58CA38A1A7,LAC,AEEDCEC8-F0B0-4527-AF74-3CF4170128B1,LAC,1
D20EBEC3-1388-489C-B61A-3A64A13BFD5E,KET,695179A1-CF2F-4995-8E25-9BC38F8D1D35,KET,1
D9C352B6-6184-4375-AACD-3A8D35E488CA,PAR,5C9AE38D-ECB3-46D7-B5C3-9CF2A82E6508,PAR,1
87F1E01E-57ED-4995-B7BF-3A902DF33514,PAS,90627D92-22C0-4BA9-9700-B3B7BCCCCEF3,PAS,9
0A11FC78-FF59-4B94-8DFB-3B138F95941C,DNT,BE0B1C74-DC0E-4D09-B187-71A1C86DC74A,DNT,1
D8CDF20B-D52D-4C54-B75C-3BC0F817E701,JAB,80B6619C-1E0D-49D3-932F-FA6BF634DDAC,JAB,1
B0FE153B-F94A-4824-8D94-3D1ED1417A68,ART,97F66ED2-0532-4CC1-9C63-CF146E5963FD,ART,1
AC0D8835-FD83-4CEB-B5D9-3D696DEE0492,COM,B7FA9F02-4F0A-4C39-BB15-CC379905C308,COM,1
B73582D6-0D48-466C-AB50-3D92A27E3A89,CHO,7ECF6235-2B98-4CAD-8D48-33D8237144B5,CHO,1
A1A4B382-FEEC-410E-A7FB-3DCBC7E2A161,AST,E8EC7564-8F74-41A2-A7C8-49EF15C50C80,AST,1
3ED531D4-A1EA-4043-88B3-3DF8D5C1511A,INJ,70B54BE3-2B92-4889-8098-F49D4241D1F9,INJ,1
669A038E-4B11-43FC-B8EB-3F05984844E7,WYB,D3DF5F91-78BE-48F1-A946-C7D292252815,WYB,1
DB85EDF6-FCB5-4A35-969E-3F1D3D4B2635,AZU,CFA16448-07FD-4FEC-A4CF-E5D4FAC9D47F,AZU,1
BB3A588D-EAC2-42EE-93EB-3FD8D5156DFE,LTO,70DBE1AA-A2D5-4B7D-AEF7-F01D380BFEAB,LTO,1
1E6F393F-47FF-4E43-BC5F-3FEF2F341B47,AGR,700BB1E7-89B2-4489-878A-4BFBBA06D4E6,AGR,1
E7A27150-D13C-4199-85EC-404DE671CDDF,YIC,B7FA9F02-4F0A-4C39-BB15-CC379905C308,LAV,1
1CD024EA-C8E7-4AEC-BA8A-405BC2A19D6E,LIC,D3DF5F91-78BE-48F1-A946-C7D292252815,MIN,1
201FB666-51F5-454E-BC41-408EB3B0A269,SSP,D3DF5F91-78BE-48F1-A946-C7D292252815,SSP,1
908B673F-E47F-4E1C-9A87-40DEEE7409E2,DAN,D268DEA1-67DC-4AA4-9C9A-C64524D34300,DAN,1
E3845B53-C6C6-4422-93BC-412F86D5DEB1,NOS,1D56D6DB-0756-4D64-840E-5BFD6F1ECE42,NOS,1
BFA44FC1-AFC5-4F6E-B2D2-4155C19DEE0A,NPU,5226DE8D-21FA-4E5D-B1B5-740E6F998770,NPU,1
657CD424-4C51-470B-A9C2-41690D9B2EFA,DSO,7ECF6235-2B98-4CAD-8D48-33D8237144B5,DSO,1
D0C3E2D6-9D27-4F9D-A13E-4190EC2CF95D,VES,D7EE33D0-C831-4D75-AC26-64ED212B2607,VES,1
49A41A5A-1C15-491B-8ED9-41A357BC7642,GAL,717D1E58-8876-4473-9428-53A19F9FE9DD,GAL,1
F15E7137-4970-4060-9A19-41E03E4EC185,ISM,54FDE46F-6E09-47E3-8FD2-6FF859F0387B,360,1
EA055F7E-4610-416F-AAF7-422A2D611CD1,PAN,B41C2041-4BD0-49E0-8EBA-3DF8E848EE62,PAN,1
55AE7C86-5C09-47D5-981E-4277334E8CE9,LEC,48BE9524-C3E5-471A-AC8C-5D32D8444121,LEC,1
B6DB2A3B-D64B-45A7-BFA5-43932E8C6BAD,PPO,BE0B1C74-DC0E-4D09-B187-71A1C86DC74A,PPO,1
10B7E204-E1D9-4E6E-BCA7-439BBCB1A17D,INF,20E64686-15A6-49C5-9EE3-FD34295B61B0,INF,1
A91D0CCF-669F-4426-8CB4-43C8377EC1CC,FLA,CFA16448-07FD-4FEC-A4CF-E5D4FAC9D47F,FLA,1
00C9A0F0-46D5-4E6F-9D2C-44151CBD0D8D,INC,B7FA9F02-4F0A-4C39-BB15-CC379905C308,INC,1
D2E76DE1-8BE6-4944-888D-446854014021,N95,0DEFDCA3-CB1C-417A-BB80-B0CDCCF94FC7,N95,1
BBF584CC-3254-4F8E-8A0E-456756566F6B,GOL,B41C2041-4BD0-49E0-8EBA-3DF8E848EE62,GOL,1
942B2376-1255-4059-9333-457D697543B2,MRS,7ECF6235-2B98-4CAD-8D48-33D8237144B5,MRS,1
4581A06E-AC77-470E-8376-46294F67EE38,SAL,CE3F6B25-70E2-4474-A4AE-1E7EF60807EF,SAL,1
564545CD-77A9-4C8C-8A90-46C6F9EF6D5A,MEN,B7FA9F02-4F0A-4C39-BB15-CC379905C308,MEN,1
3789B374-D213-443D-9039-4703A9789875,CNF,DEFE8834-802A-44B3-B2ED-34FF8A646782,CNF,1
0207F828-9073-4484-95C3-47208326A464,ACO,B7FA9F02-4F0A-4C39-BB15-CC379905C308,ACO,1
D860BDA1-5486-4EC4-8836-47F80730053A,BAG,C94F44CC-7077-43BD-A9BC-AE622996899E,BAG,1
DB829A27-B37D-4FB9-B982-47F81D6A4C6C,TRO,B7FA9F02-4F0A-4C39-BB15-CC379905C308,TRO,1
3D25F43B-F7C4-43D3-820C-48B976147178,SEL,8FE11CCF-1472-4138-9AFC-4CFF44C2B337,SEL,1
9A8B6680-D77D-415C-BABA-4936E8DB0F5D,IND,5226DE8D-21FA-4E5D-B1B5-740E6F998770,IND,1
60B80817-754B-4D67-9B88-49DB7EBF3899,VAI,CFA16448-07FD-4FEC-A4CF-E5D4FAC9D47F,VAI,1
15590E57-B1FF-44D6-B036-4A50F60946E3,ACT,80B6619C-1E0D-49D3-932F-FA6BF634DDAC,ACT,1
2804A3E8-53AB-4F41-A5B9-4A9FACE99DF8,PNI,F1FD8635-C585-4209-AE97-EA25C9FA7CC7,PNI,1
C5BB8D32-D777-45EE-A2D9-4AB4CA855C55,PRI,B7FA9F02-4F0A-4C39-BB15-CC379905C308,PRI,1
A4B823A9-DA31-4D95-8599-4AFDD0D61251,TAK,8EE9729E-38FE-46B6-807E-8142B1764B32,TAK,1
E207A1D4-7BA4-4198-B79A-4B1844F9E613,PDH,CFA16448-07FD-4FEC-A4CF-E5D4FAC9D47F,PDH,1
D1B2B028-D419-4AEA-B0C9-4B3A37463B9A,OTR,E1C24772-DA9B-4AE7-9090-9BDF21E78E89,OTR,1
6EAB68C0-8E48-477E-B540-4B4248CF57E2,ULT,70B54BE3-2B92-4889-8098-F49D4241D1F9,ULT,1
1D9CE146-4956-4C72-AFD8-4B7141952F84,GLB,8F7A095A-C109-46B8-B0E4-B132E6902C13,GLB,1
6D365758-4BAB-4E57-930D-4BD9BA1AD1FE,TOA,D7EE33D0-C831-4D75-AC26-64ED212B2607,TOA,1
798C6EAE-D7D6-488C-8E7F-4D9E35DBBE56,ANA,C94F44CC-7077-43BD-A9BC-AE622996899E,ANA,1
3329F3D2-C7ED-4B17-9B25-4DC82152E961,NUT,8641072E-19FE-41A2-89A9-CA4BA0EA095A,NUT,1
8F3B3B51-7703-4B11-A718-4E5B730FFC86,SEG,785D6EA7-FF10-41AB-836E-BF92B75781CF,SEG,1
CF8261F5-8DC6-4B43-8B04-4E6C79F8F583,TEV,84C21B86-46F1-43FF-BE62-108E46F7E624,TEV,1
1957DEE1-46D7-4ECE-AC79-4E88D8996CE8,ISM,54FDE46F-6E09-47E3-8FD2-6FF859F0387B,AGU,1
01719F94-F177-4F73-8E38-4E8AC2FFED2E,ISM,54FDE46F-6E09-47E3-8FD2-6FF859F0387B,FRU,1
06AFC79B-3516-45E3-8584-4EB7BC4E8FD1,ART,7C177FA4-BA66-4F81-9DAE-76B7CA2203DE,ART,1
D1A9C6BB-754D-4AFC-9116-4EEA00AE7EFA,OCU,5226DE8D-21FA-4E5D-B1B5-740E6F998770,OCU,1
D2AFC19D-B026-4622-BDC8-5089F3EB7092,PAN,8BC0F342-BA6E-423E-8718-C9FCC3B33D8E,PAN,1
DC487867-3E47-4DB0-BEBC-5096E069A36E,BDL,829D8741-4308-4F29-A6CE-2413390417C6,BDL,1
A9114F7F-B455-40DE-9146-50C5448C70F2,FEM,6D656C72-8DD9-4049-B790-453EA1F94356,FEM,1
50A26BB7-0221-4D88-B7F1-517A0BC38076,SHI,213E62FB-4DCF-480D-9A22-68999710161F,SHI,1
06DABCB1-1919-44D4-B66F-51C8A51B6AA6,PRM,B41C2041-4BD0-49E0-8EBA-3DF8E848EE62,PRM,1
271CC574-40EE-4DDE-8ABD-523BC07DA79B,EGO,1D56D6DB-0756-4D64-840E-5BFD6F1ECE42,EGO,1
0C73499B-08A2-4491-89C0-52DEB1D480D9,A1,1F44AD47-13FD-4907-9E4B-8983E45AC58A,A1,1
D430898A-078F-4365-B017-539BA76AC5C1,DET,B41C2041-4BD0-49E0-8EBA-3DF8E848EE62,DET,1
98458E91-FFB6-4C83-8A45-53FB53F7DC89,OTR,BA33EBDD-BCBE-44DA-BF9E-7543812CEDC0,OTR,1
FED19079-C921-4BB0-8CF3-54702F435078,MRF,E24D1D65-C668-4145-B672-457649B816DF,MRF,1
61EA110D-D27D-4951-A8CB-54B079458969,HIG,B7964BCA-E2FD-4D49-BCC8-CB0B53C3788B,HIG,1
3094D63B-27DC-4410-8A3A-557862D2D7F9,DC6,F1462BF3-A62A-4001-B2DE-25DBA88D0415,DC6,1
C8914148-3E85-45CD-9221-557D5F53AB62,AVE,700BB1E7-89B2-4489-878A-4BFBBA06D4E6,AVE,1
FED4F0A4-DD66-4152-8666-55AC280B6FEC,INF,7ECF6235-2B98-4CAD-8D48-33D8237144B5,INF,1
AD924B5F-9572-458A-922A-56680E88326D,BAB,271BA0BD-F6EB-462A-8328-23F519321DA5,BAB,1
55D5F074-E3AD-411C-94D6-56B1F07B2F92,POR,75AC83F9-D5BD-4644-A363-02CD5CD42756,POR,1
E61EB5E9-B56D-4FBB-B684-56DA1EA71757,ART,39C60559-1F73-4A22-92C1-8F44383E3C4E,ART,1
F76628A0-F3FC-4ECD-BEE0-577CC4C1AACE,JEI,F5370532-B9C8-4D9A-8F7D-E01A33EF96BC,JEI,1
5A9CBB05-9E5B-41B3-856D-57855C3DB78A,BAY,8F118668-2EFA-4F3A-9424-997103F60171,BAY,1
693A6007-43FC-4AE2-B6CF-57F9CF0389F0,SAF,5E4BBCB6-5D83-4163-A99B-AC6732134F0A,SAF,1
B0AF4D12-C883-456C-86BB-580B3A6AF61B,CER,A566E3E4-6A73-40C1-AF6D-899E7AC9EA6B,CER,1
A252FD24-92DD-4BA7-898D-58C51CBC30DB,WHI,DA7D9F99-F547-409A-9FD9-24655A614296,WHI,1
B5C1436B-7711-42FC-96DE-599A23F90BE9,DOF,D7EE33D0-C831-4D75-AC26-64ED212B2607,DOF,1
72441761-6809-4067-9B67-5A6723D78DFC,MAY,87D4AB46-4F10-4C8E-B098-0BAFC25B4704,MAY,1
A9ABC435-8282-4940-9151-5BE9DE3CB4A7,REC,1D56D6DB-0756-4D64-840E-5BFD6F1ECE42,REC,1
35679332-A6ED-4B35-8AE1-5BEB59D19576,CRE,695179A1-CF2F-4995-8E25-9BC38F8D1D35,CRE,1
2C37525F-CF84-4908-A7B3-5C56ED7069E2,PAS,D7EE33D0-C831-4D75-AC26-64ED212B2607,PAS,1
E78640A6-367E-4CDA-B4D8-5C8E66550C56,SHF,C94F44CC-7077-43BD-A9BC-AE622996899E,SHF,1
D3B3A22C-03C9-4144-BE38-5C9E6940A112,DRX,7ECF6235-2B98-4CAD-8D48-33D8237144B5,DRX,1
EC8CBC01-AB2E-4D44-8CCA-5CBAA26569B4,PRO,271BA0BD-F6EB-462A-8328-23F519321DA5,PSP,1
8830A3A1-9868-42AA-9E14-5DF371CA95CE,ENJ,B41C2041-4BD0-49E0-8EBA-3DF8E848EE62,SUA,1
FB6E0EEA-D5D6-4DC2-9929-5E534FF44FAA,OTR,46BB1337-4FA6-433F-A497-45A2B54A32D4,OTR,1
4B3C4951-575E-4513-908E-5EEAEE1186A9,OTR,5226DE8D-21FA-4E5D-B1B5-740E6F998770,OTR,1
1CB547B7-EF6E-4A23-A0A1-5F37BE25D7E7,ENC,98B4D00D-12A0-4FCB-A483-CB7E9251D268,ENC,9
F59486AA-157F-4EB0-921D-5F6E40A55C83,DSO,75AC83F9-D5BD-4644-A363-02CD5CD42756,DSO,1
D303AE0D-3387-4C70-A91D-5FF0723A949B,JAB,B41C2041-4BD0-49E0-8EBA-3DF8E848EE62,JAB,1
0C895417-2B2B-4B46-BC29-5FF0AD3BD350,OTR,7ECF6235-2B98-4CAD-8D48-33D8237144B5,OTR,9
CCEDC76C-F890-4919-B6DD-613D48654D69,SRR,C192C105-C7D6-40EB-A9C6-1B1CB87C5B14,SRR,1
19BCA253-FE54-4C7E-A542-62839A1A35EC,OTR,B7FA9F02-4F0A-4C39-BB15-CC379905C308,OTR,1
996FEEE8-BAC3-4901-AF25-62DD01B25C6B,ALI,B41C2041-4BD0-49E0-8EBA-3DF8E848EE62,NIC,1
C9D17668-0FD8-46F8-8173-6381A1A638B3,MIM,271BA0BD-F6EB-462A-8328-23F519321DA5,MIM,1
8F86C051-4712-4B36-8F9D-6558FC4DEE2F,NNU,5226DE8D-21FA-4E5D-B1B5-740E6F998770,NNU,1
F05A588D-CC2A-4EAE-A283-65D752228460,ART,785D6EA7-FF10-41AB-836E-BF92B75781CF,ART,1
D6C9416F-A12A-4FC0-A531-66C1F1D046F5,IWA,DA7D9F99-F547-409A-9FD9-24655A614296,IWA,1
1E96794A-2A4C-459E-B5F4-6700EB0244C8,JAC,D3DF5F91-78BE-48F1-A946-C7D292252815,JAC,1
F8CA073D-2BF5-442B-98B9-67552C6F9D81,COR,0DCE737F-A5DB-4C7C-BBD3-163C8A675ED7,JAB,1
D47FCFD4-98B9-4922-AD6A-6784DE6D11B8,DIV,B41C2041-4BD0-49E0-8EBA-3DF8E848EE62,DIV,1
53B1E08B-F85F-4880-99FB-67A89460FBB8,BEI,17415174-6EAF-49D1-9710-E463C9633DEC,BEI,1
A76DC898-BFE5-4C53-B1B2-6819FCEDC0C1,M&M,7ECF6235-2B98-4CAD-8D48-33D8237144B5,M&M,1
6931F8E9-1EE6-49DC-A32D-682FB6B0844C,EX0003,FDB874A4-5A85-4773-8F77-229A1D77B6BA,OTR,1
F709B4B2-E621-4E5A-9C29-687FDC7F0C3D,CLE,213E62FB-4DCF-480D-9A22-68999710161F,CLE,1
F3680614-BA56-4015-A862-692254EDD611,AT,A474CA55-9A3E-4220-816B-65B7F97695DE,ART,1
994FF3CF-D20A-4592-BC85-692A51F90522,CGD,3835A867-2629-45ED-8958-34C43EDAD93F,CGD,1
7423E86F-A078-4450-BC18-694BF38602F5,OTR,7ECF6235-2B98-4CAD-8D48-33D8237144B5,OTR,1
E15EA601-0ACE-4D62-987A-699EF1A6B350,CEL,E2374E9F-CC0A-4B7C-8830-D8AD0192C5E8,OTR,1
9EF547E0-8CA8-4E0F-BE96-69BCF49F824D,AMS,7ECF6235-2B98-4CAD-8D48-33D8237144B5,AMS,1
3C4EACAC-7E34-4457-8592-69C33428C3B7,PIS,283070A4-F3E8-41B9-9ECF-7F0B92F69826,PIS,1
E999908C-0447-4520-8D5E-69CFB6C56CAF,RON,4795FB79-A30A-4CE4-BD28-7F814F86FDE2,RON,9
360B11D2-8573-4AB3-99E9-69E93F524296,ACT,10154787-4035-4E37-AC63-4BF0A06BC078,ACT,1
69537DD6-9A73-4D7C-B03D-6A6A46FDFAEA,LIC,DA7D9F99-F547-409A-9FD9-24655A614296,LIC,1
1BF2D5BC-649E-4D5E-AA84-6A743850A10D,LCP,74C3774D-F977-4DE3-ABE1-D951D3AB3AB6,LCP,9
5B079BB8-9317-4023-BC1C-6A8FBAB2A6D3,OCU,BA33EBDD-BCBE-44DA-BF9E-7543812CEDC0,OCU,1
62EDA88F-B53C-4626-B051-6AC7419DE3B8,ART,717D1E58-8876-4473-9428-53A19F9FE9DD,ART,1
678698C0-CEDB-4B9D-A416-6AD2C2112F20,ENJ,75AC83F9-D5BD-4644-A363-02CD5CD42756,ENJ,1
DCB8F56C-0C38-4454-B693-6BFBE9262B36,OTR,B41C2041-4BD0-49E0-8EBA-3DF8E848EE62,OTR,1
C4787C43-F28B-4871-820A-6CA79B87B67B,GOL,20EAC1E5-BE91-4DE9-BF20-73B78737BAD8,GOL,1
98B2EA0D-5304-4642-96F0-6CED79C79EE6,OTR,B5071599-6D80-4046-AC1C-73FA91B483F5,OTR,1
67340557-A175-4816-9C1E-6CF4A4BA771D,PRE,74C3774D-F977-4DE3-ABE1-D951D3AB3AB6,PRE,1
03EAA123-6691-4FFB-833A-6D19B5DB4E5B,TOA,5C9AE38D-ECB3-46D7-B5C3-9CF2A82E6508,TOA,1
DCA16A63-67A7-45C4-824A-6E1600066946,GUA,DA7D9F99-F547-409A-9FD9-24655A614296,GUA,1
367692B4-E360-4F20-8583-6E4D6D504602,BAL,D3DF5F91-78BE-48F1-A946-C7D292252815,BAL,1
2DD89829-4E45-478F-99F4-6E702E13AB52,OTR,A474CA55-9A3E-4220-816B-65B7F97695DE,OTR,1
10A24CA9-B727-4CAA-B064-6F576F918BF7,ORO,DA7D9F99-F547-409A-9FD9-24655A614296,ORO,1
2A7BF80A-65BF-46EC-9B77-6F6174FF900D,LIQ,B7FA9F02-4F0A-4C39-BB15-CC379905C308,LIQ,1
CF882C3D-16D6-458C-B59A-6F622A9C95B8,PAS,695179A1-CF2F-4995-8E25-9BC38F8D1D35,PAS,1
C884C492-03DA-4EB7-A56C-70C0C97E09D3,TRI,B41C2041-4BD0-49E0-8EBA-3DF8E848EE62,TRI,1
A6E1A2D9-FD02-422F-A8CA-7103F783EBBF,NIV,D399653D-74DB-459A-AE77-7CC37913C01C,NIV,1
79AD57B8-1FE5-42F9-88A7-710B5D974ED4,CTA,75AC83F9-D5BD-4644-A363-02CD5CD42756,CTA,1
D6D06D34-B173-4DC3-91F1-7131437DCB73,TID,BE0B1C74-DC0E-4D09-B187-71A1C86DC74A,TID,1
074C8216-BB7F-44EA-A6E4-72DE43D07970,OTR,F1FD8635-C585-4209-AE97-EA25C9FA7CC7,OTR,1
AD893155-F358-4AB2-AE20-7317E0065641,GLO,1D56D6DB-0756-4D64-840E-5BFD6F1ECE42,GLO,1
024EADF4-BFB9-434B-BCB9-740FB0EF07AA,DSO,213E62FB-4DCF-480D-9A22-68999710161F,DSO,1
6CE323F5-E450-472A-94EB-7475B3FDF971,LEN,EB74949B-061B-4FF0-BB80-4EA0DB5C07DE,LEN,1
9272858E-DD13-4C3F-90FB-74FAE743393D,ADU,6D656C72-8DD9-4049-B790-453EA1F94356,ADU,1
EEAD98F1-2731-43EE-8202-756EAF4C4FF4,GEL,0848E9FE-EB1C-40F2-8C91-659A5A24D2AC,GEL,1
8EFACC4C-F337-4D9B-96EB-7581A5AD9A53,PVM,820D35D6-6AD9-4E2B-A14B-CA5B07A883B3,PVM,1
74C4D591-0D33-49CF-B7B3-76122683BA31,BAT,EB74949B-061B-4FF0-BB80-4EA0DB5C07DE,BAT,1
970A60F8-AC3E-49B1-85CE-7625D5C761A5,BOL,159EE478-E57A-4A75-BAD6-2DD0A05686C6,BOL,1
D0DA2030-F7F6-4BFA-BD9A-762BBFF87DAF,ALO,77038770-36DB-43F1-A03E-B1EEDDDC92A2,ALO,1
9DFB9F41-7884-452A-82F2-774D337916AD,MAN,B41C2041-4BD0-49E0-8EBA-3DF8E848EE62,MAN,1
42ADBED7-D870-407A-8F6B-7766333FD60E,MIM ,7C177FA4-BA66-4F81-9DAE-76B7CA2203DE,MIM,1
42DEFC6C-A245-4D18-A08E-77EC6766DABC,GRN,DA7D9F99-F547-409A-9FD9-24655A614296,GRN,1
AB615157-2E49-474D-9B34-78F22356C921,OTR,717D1E58-8876-4473-9428-53A19F9FE9DD,OTR,1
DFAFE595-0421-41DC-AE08-791A5FD317F2,GCC,FACCF224-5F76-4173-B9D7-A5D01C1AF383,GCC,1
E0527054-7771-4551-95B2-791FABAB3F8A,OTR,6D656C72-8DD9-4049-B790-453EA1F94356,OTR,1
7C79D6DA-EE88-4091-8AD2-7972EC9F96C4,CER,082AE773-C585-4276-A501-B8DB46365D23,CER,1
31F64B03-AB58-493E-BB9B-7A777308C516,YOL,F2EDD3FF-E4EA-4A84-A376-5131D827C850,YOL,1
055DFDF0-C1CE-478B-A91A-7AA9723D09BA,QUL,8F118668-2EFA-4F3A-9424-997103F60171,QUL,1
C39C4DE1-27F4-4A5D-9713-7AFBFEFB9A7C,OTR,1D56D6DB-0756-4D64-840E-5BFD6F1ECE42,OTR,1
A9B90B68-276C-47D1-ABE1-7C47751169FB,HIS,C94F44CC-7077-43BD-A9BC-AE622996899E,HIS,1
0F1E23DF-0645-4325-BE8A-7C8BFCA75D66,CAS,D3DF5F91-78BE-48F1-A946-C7D292252815,CAS,1
43493FA0-19BB-458E-88EA-7C9A58BEB52D,HUM,7ECF6235-2B98-4CAD-8D48-33D8237144B5,HUM,1
75C7A1EC-03C3-4392-9BF6-7D82FE7D1A50,MAV,75E5C75E-4680-4467-94D8-50EA705F30B7,MAV,1
5AE26E6A-F8C0-4CA7-ADDF-7E18ED550EF3,FAN,7C177FA4-BA66-4F81-9DAE-76B7CA2203DE,FAN,1
77837406-2832-48D3-86E7-7E2F9BCF4826,PIL,B7FA9F02-4F0A-4C39-BB15-CC379905C308,PIL,1
5F2C2836-1D62-4BFF-B4B3-7E7552B68936,NOR,B41C2041-4BD0-49E0-8EBA-3DF8E848EE62,NOR,1
FBCB26F9-6911-4741-A693-7ED9C516DF19,COD,271BA0BD-F6EB-462A-8328-23F519321DA5,COD,1
70FE001E-ED34-4AC4-A42D-7F3072C6B38F,BIC,98B4D00D-12A0-4FCB-A483-CB7E9251D268,BIC,9
D0D4C34A-7FCF-49FB-B073-7F671A2B9B4D,CDC,75AC83F9-D5BD-4644-A363-02CD5CD42756,CDC,1
A507EFF0-9A29-450F-AE6D-7F6E1CBA1173,TRT,8641072E-19FE-41A2-89A9-CA4BA0EA095A,TRT,1
6C3EEED9-FC76-49B3-9DA9-7FC549A4A1D6,EXC,BE0B1C74-DC0E-4D09-B187-71A1C86DC74A,EXC,1
D72B74C5-43D7-4911-A476-8084139A6CDE,YOL,8FE11CCF-1472-4138-9AFC-4CFF44C2B337,YOL,1
54788B89-E0DD-45AF-8D55-813626C21888,FLC,0DCE737F-A5DB-4C7C-BBD3-163C8A675ED7,FLC,1
B1BB421F-2E43-4A02-9E9E-81EE8C774A04,LEN,46BB1337-4FA6-433F-A497-45A2B54A32D4,LEN,1
ED74E6C3-9E79-4254-B358-822FC7F6157D,MOS,87D4AB46-4F10-4C8E-B098-0BAFC25B4704,MOS,1
CA756CE1-2041-46A9-B1E1-828C04C4D296,CCH,BE0B1C74-DC0E-4D09-B187-71A1C86DC74A,CCH,1
2BC6F708-F04A-4806-A67E-83A71AF8C65C,TML,1D56D6DB-0756-4D64-840E-5BFD6F1ECE42,TML,1
3E1F1B07-AF18-4721-B495-83BE41127DE5,NUT,DF3F0976-CF59-4DD9-B2D2-79F58A943485,NUT,1
0ACE070B-A976-4763-9163-8407AD229F08,LAV,0DCE737F-A5DB-4C7C-BBD3-163C8A675ED7,LAV,1
2DF5BA98-6573-4B03-A827-8411CD65128C,PRO,7ECF6235-2B98-4CAD-8D48-33D8237144B5,PRO,1
6C4A58A0-6B8D-42CB-9862-846A2C030118,GAL,E65DE574-1441-40C2-B7D3-94FA42F8A960,GAL,1
F0F85CA4-2924-46C3-AAB0-84BCD98A0294,PON,213E62FB-4DCF-480D-9A22-68999710161F,PON,1
211E3CC1-2B68-4F27-BE6D-84DB92C3CC03,ART,CE3F6B25-70E2-4474-A4AE-1E7EF60807EF,ART,1
2F372A90-2593-4EE2-9368-84E2816C22AC,TOA,0848E9FE-EB1C-40F2-8C91-659A5A24D2AC,TOA,1
C7357252-9533-41C5-8233-84EAAFC8F066,T&C,1984737B-93E9-4060-A0F7-2BD05A40851B,MUS,1
7F1E2F25-9C12-4A13-89D8-84F0C5F231B0,NET,710DFE5B-0695-47C6-9EB2-3685B5B1AC54,NET,1
A726F28F-EF06-42FC-88D4-85087366B9AF,LIC,D3DF5F91-78BE-48F1-A946-C7D292252815,LIC,1
99D1B025-9ABA-4057-9279-85744212FF14,GLO,7ECF6235-2B98-4CAD-8D48-33D8237144B5,GLO,1
87A0A356-F0A7-4813-84F8-857DF893D430,LEC,730B2644-406E-44E7-AC71-8523520A43FD,LEC,1
A2ECE91C-AE61-4D4D-8A7C-8588E7405A79,ROC,E24D1D65-C668-4145-B672-457649B816DF,ROC,1
298B3176-7E2B-45EE-A4A5-8627BC2AC823,VIN,D3DF5F91-78BE-48F1-A946-C7D292252815,VIN,1
BB76FE2B-0A56-4DFD-8727-87150ECE80EA,DCH,BE0B1C74-DC0E-4D09-B187-71A1C86DC74A,DCH,1
8C6B6EEB-0BB9-4B9E-8ACD-873521B04D49,COS,7C177FA4-BA66-4F81-9DAE-76B7CA2203DE,COS,1
EACD083E-0662-4AE1-8C59-88101709C009,GEL,09F57149-7585-4F94-8D43-CF09D2EE807C,GEL,1
548897E4-FA13-4496-97D3-8814A6CBC408,FAM,F1FD8635-C585-4209-AE97-EA25C9FA7CC7,FAM,1
4F0865BE-C37B-48B6-A4B8-8858FDC7F266,NPU,BE0B1C74-DC0E-4D09-B187-71A1C86DC74A,NPU,1
4F88916B-4FDA-4CD6-B177-889D47371A31,GOL,710DFE5B-0695-47C6-9EB2-3685B5B1AC54,GOL,1
03236FEE-5116-4D4F-AFA6-88E8FE7C24C1,ADU,20E64686-15A6-49C5-9EE3-FD34295B61B0,ADU,1
5D400016-FCA3-4AF5-BDCC-891A752EAB71,TAL,7ECF6235-2B98-4CAD-8D48-33D8237144B5,TAL,1
E6E70D52-500E-4303-8A69-896C4AFF874E,OTR,F2EDD3FF-E4EA-4A84-A376-5131D827C850,OTR,1
352E1718-CE87-4B67-9A69-89EF1DC6A328,AQU,248BBCF2-4387-41F2-9E36-85B707B4356D,AQU,1
D1F65A55-75FA-453E-ADED-8C8DDFD5D321,OTR,75AC83F9-D5BD-4644-A363-02CD5CD42756,OTR,1
8DB5241D-D090-4BBC-81AE-8C9DA2CB0C6F,YIC,B7FA9F02-4F0A-4C39-BB15-CC379905C308,LIC,1
57E40BC0-0FF9-45FC-BFD5-8CEB6A455BCA,BEL,80B6619C-1E0D-49D3-932F-FA6BF634DDAC,BEL,1
F8686670-7848-4556-BBAC-8CF3F28E4528,CUL,710DFE5B-0695-47C6-9EB2-3685B5B1AC54,CUL,1
CE31A81A-7F9E-423A-963C-8D0CEF73A751,ISM,54FDE46F-6E09-47E3-8FD2-6FF859F0387B,KR,1
0E362868-C8E6-4E1E-B6ED-8DDFFAD19050,IMP,717D1E58-8876-4473-9428-53A19F9FE9DD,IMP,1
FC84F42C-F94C-4D33-BC56-8EA61AB038CE,TRE,213E62FB-4DCF-480D-9A22-68999710161F,TRE,1
0231160B-0EA5-4DFA-9893-8EB65CE1B724,FUS,AF470452-69B3-416F-BE1C-F644870BA2E9,FUS,1
14D9A8B8-93D2-4490-91F7-8F0EB2E3D7A5,YIC,B7FA9F02-4F0A-4C39-BB15-CC379905C308,LAV,1
0BFA65EB-B9C9-417F-BD97-8F25BB003769,GLO,A474CA55-9A3E-4220-816B-65B7F97695DE,GLO,1
E59D09F7-902C-4C36-8E96-8F5556EF7D83,IMP,B41C2041-4BD0-49E0-8EBA-3DF8E848EE62,IMP,1
555BF66F-964B-4BFB-A87C-8FF2FB226653,PRO,75AC83F9-D5BD-4644-A363-02CD5CD42756,PRO,1
1A67CD5C-3253-4B4E-A56B-904AF15D35DB,JAG,DA7D9F99-F547-409A-9FD9-24655A614296,JAG,1
17F5528C-6F8F-4485-ACF6-909741DC8F14,LUX,213E62FB-4DCF-480D-9A22-68999710161F,LUX,1
A874863D-52A6-4859-B8FE-90F1D84EA33B,CHZ,DA7D9F99-F547-409A-9FD9-24655A614296,CHZ,1
578E2F3C-DD72-4548-B591-914073320FFD,CRE,B7FA9F02-4F0A-4C39-BB15-CC379905C308,CRE,1
1AB94083-62C8-449E-BF12-9149EA8C4307,SNK,4806B275-4C0A-44DD-A6D6-7308C7478758,SNK,1
E5CF7B95-13AF-418C-AECF-9187104790CE,CEP,75AC83F9-D5BD-4644-A363-02CD5CD42756,CEP,1
0E6DCA7C-F07C-465E-B14D-91AAA5580F4B,PAP,271BA0BD-F6EB-462A-8328-23F519321DA5,PAP,1
43A1E262-93CE-4BF4-9328-92BCC40CD0D4,MED,5A40B6C3-2ABA-41DA-9236-B5B2359ACF96,MED,1
62431D86-DCB1-4848-A484-93085F689E68,PAN,7ECF6235-2B98-4CAD-8D48-33D8237144B5,PAN,1
B5AE94D2-66DF-40CC-812D-9393BE96D1CE,ACT,78FBF52A-897C-4B4F-BB0B-A4A87A7A4C49,ACT,1
399B3C26-2DF6-426D-B3E1-93AB73F9B073,KET,87D4AB46-4F10-4C8E-B098-0BAFC25B4704,KET,1
A9CABD34-3F44-4B49-A4EF-9481C419EEC0,MOL,7C177FA4-BA66-4F81-9DAE-76B7CA2203DE,MOL,1
67AFE10B-D06F-4520-A186-955DBDB1B0BF,REX,213E62FB-4DCF-480D-9A22-68999710161F,REX,1
A96BC5AD-33A7-4004-912E-958303B38F6B,TOA,EAB0009C-0607-464D-85DE-5D68EBCC4967,TOA,1
88704EEC-404D-4422-AF57-9591F2535EB0,DCN,A72352B9-352D-4A7F-AB63-E2B489957611,OTR,1
63B0FFC1-D56F-4874-A93E-95AD87253745,NES,5226DE8D-21FA-4E5D-B1B5-740E6F998770,NES,1
91DE15D1-F6D2-4AC0-8434-96BAB58DA1CE,DES,BE0B1C74-DC0E-4D09-B187-71A1C86DC74A,DES,1
0A7A67D4-37D9-4842-93AD-96BC90F2AF5E,LAV,B41C2041-4BD0-49E0-8EBA-3DF8E848EE62,LAV,1
21B6BDEA-20C5-4B8E-BD08-96EF6FB16479,PHI,6D656C72-8DD9-4049-B790-453EA1F94356,PHI,1
A288454C-3269-4BE3-B525-96F82B50227B,FLG,C94F44CC-7077-43BD-A9BC-AE622996899E,FLG,1
0DF9340C-A0D7-451E-AFA6-971E8EAE463B,GSK,1D56D6DB-0756-4D64-840E-5BFD6F1ECE42,GSK,1
FFAE03CB-4BBD-47C1-844C-97470E9690F0,CGC,FACCF224-5F76-4173-B9D7-A5D01C1AF383,OTR,1
A19A83B6-34F2-473C-87E4-97593B75B3FE,OTR,DA7D9F99-F547-409A-9FD9-24655A614296,OTR,1
E0D12CC4-7E67-483D-BCF9-97D7DE936A15,VIC,10C9A50E-D058-48B5-A8C8-7D280CA3F8C2,VICK,1
0EC3BF65-2642-4124-9B2D-98445287786A,LEJ,B2F45991-0F60-4915-86B8-1BA1409DA512,LEJ,1
E1559062-58AD-4C97-820F-98BC85536829,ELT,1D56D6DB-0756-4D64-840E-5BFD6F1ECE42,ELT,1
CA791884-6DC1-4534-A202-999F62652FF3,OQP,085C62E5-A754-4586-B2C4-741A0CDF26CA,OQP,1
74760DBF-3228-4E82-8021-9A2BAD6641A3,NEG,11E2EA16-37CC-4922-824C-6A98B86261C7,NEG,1
A94CA6D7-05A5-4ACD-87BB-9A68132DB8A3,PAN,DEFE8834-802A-44B3-B2ED-34FF8A646782,PAN,1
C03B5BBA-7719-47CC-B50A-9CC485B6423B,FAM,EEA909F4-75F0-4774-853C-624256E4F710,FAM,1
A2BC815F-0CB0-461A-AEA0-9D5C0344D8EF,HAC,D3DF5F91-78BE-48F1-A946-C7D292252815,HAC,1
F7718ECE-B2FB-42A0-8518-9D7BC8796AFB,CHO,1D56D6DB-0756-4D64-840E-5BFD6F1ECE42,CHO,1
FB0308AE-F0E3-4776-967D-9D89DE01E15B,FAM,6D656C72-8DD9-4049-B790-453EA1F94356,FAM,1
643890B0-F0A4-48B5-B767-9DBADF6CF6A1,FLO,B7FA9F02-4F0A-4C39-BB15-CC379905C308,FLO,1
6239D125-DA6F-4AEC-82EF-9E6E33EE3ADF,AGO,3835A867-2629-45ED-8958-34C43EDAD93F,AGO,1
FFDC1E6A-6CF7-4871-B9A7-9E732F656113,SHA,EAB0009C-0607-464D-85DE-5D68EBCC4967,SHA,1
5CFCF046-9A72-4BC5-8C7C-9F802F217E2B,ACT,717D1E58-8876-4473-9428-53A19F9FE9DD,ACT,1
EFB887E4-6402-4A68-BFDA-A0538E1CF6D7,RON,283070A4-F3E8-41B9-9ECF-7F0B92F69826,RON,1
7D8D8923-8EB0-4650-BFB4-A08A992E630C,COR,7ECF6235-2B98-4CAD-8D48-33D8237144B5,COR,1
CDD25E96-87FE-42A7-9C6A-A0D731218392,SED,6D656C72-8DD9-4049-B790-453EA1F94356,SED,1
802F09FE-1A02-40CD-8257-A12F2617DDC9,ORA,E911EFBB-E6D0-461E-96AB-AEB071AFAF7F,ORA,1
F7FEFE37-2C77-4B27-919D-A151C1C93D17,ALT,9617F4E3-0A2C-4D28-B720-268A9B9EA0A9,ALT,1
965B27E6-0323-4826-83CD-A15D107CF9D6,PIC,687B576B-B10C-4FDC-8E01-C49BAED64E13,PIC,1
56A75E8A-DA9F-4490-A618-A1B72D306ED2,ACT,B41C2041-4BD0-49E0-8EBA-3DF8E848EE62,ACT,1
B53AD247-C948-4F02-B2C4-A212CF117F89,ARF,59535931-FC75-41CD-B9C8-6268DA0B5C5E,ARF,1
953BE05C-D0E6-4505-A7E4-A21731F2AD4F,CRE,0AD6EF39-B8C0-4671-BAB1-D1B3C580EADA,CRE,1
B7EBC18C-A838-4CE0-8B7D-A25A8CC184E5,ART,CFA16448-07FD-4FEC-A4CF-E5D4FAC9D47F,ART,1
0650C8B5-9EBE-4E07-89B4-A47ED358AABE,VOD,1B7DFF0E-BBA9-4AFB-82D5-219A13241544,VOD,1
712FF956-B1A7-4235-9F8D-A51267FF6782,FDC,7ECF6235-2B98-4CAD-8D48-33D8237144B5,FDC,1
8DFCEF06-5BAA-442A-997F-A51AFAC983B9,MAR,B7FA9F02-4F0A-4C39-BB15-CC379905C308,MAR,1
704F1A19-90B9-4AB3-BCCA-A5D05F453AB4,RIC,D3DF5F91-78BE-48F1-A946-C7D292252815,RIC,1
DFEECE5E-276C-42E4-9DD7-A61898E05DD7,DES,E93A487F-DD66-438E-A285-2A42A725FEA4,DES,1
CD88F2CB-636B-4098-81F9-A62D05A12B58,FUD,70DBE1AA-A2D5-4B7D-AEF7-F01D380BFEAB,FUD,1
F6520B71-F7BA-4C0F-9A8B-A67160A84D3D,LIC,687B576B-B10C-4FDC-8E01-C49BAED64E13,LIC,1
56BD75A5-37A9-46C1-BE6B-A7010F763185,GUA,A474CA55-9A3E-4220-816B-65B7F97695DE,GUA,1
5EA73633-1024-4B31-8540-A74AC6B6DD05,RGA,B5698740-4D45-4E35-9CD6-A22A1F654370,RGA,1
9C128701-36DC-4C69-B0A1-A7AEA6863F99,NIS,7ECF6235-2B98-4CAD-8D48-33D8237144B5,NIS,1
F6DD1B29-E54B-4C71-8A34-A8A8CBDEDE4B,IDF,67E3A2B5-4E34-4B41-AE18-44DC8BE5D4D5,IDF,1
2B33D0C4-FF8D-46B1-AD94-A8E76A6DA588,ART,BE0B1C74-DC0E-4D09-B187-71A1C86DC74A,ART,1
B208EE8E-B929-4A6E-B252-A90F966A016E,OTR,F3C016CA-CC6E-4281-946B-364F3AB9867A,OTR,1
906E83D7-92AC-4F98-A42B-A9803D5E5DBE,CAM,213E62FB-4DCF-480D-9A22-68999710161F,CAM,1
BC6A7F41-367E-48F5-9792-A9A0C43E2A40,PDG,7ECF6235-2B98-4CAD-8D48-33D8237144B5,PDG,1
EBBED158-FD32-43B2-9C5E-A9DA78CBD2A7,GEL,EB74949B-061B-4FF0-BB80-4EA0DB5C07DE,GEL,1
18C4D148-A9F9-42B9-8F91-A9E38C688ABB,NUT,E1C24772-DA9B-4AE7-9090-9BDF21E78E89,NUT,1
4F78570A-43A5-4490-AA5B-A9E3CFB77D88,ART,48BE9524-C3E5-471A-AC8C-5D32D8444121,ART,1
E5483ADB-B8D6-4ADB-A96D-AA32B4351FC4,FOU,97F66ED2-0532-4CC1-9C63-CF146E5963FD,FOU,1
87228A3A-F993-4423-BA09-AA8FE9622340,INT,04C61DA4-E24B-46B2-AE01-46FC4CBBCF65,INT,1
425C017A-3A72-46D8-827D-AAE4BB283183,CHT,B41C2041-4BD0-49E0-8EBA-3DF8E848EE62,CHT,1
EE25F898-7736-4A11-8600-ABB4AA820CC1,GYN,8F118668-2EFA-4F3A-9424-997103F60171,GYN,1
70CC1424-691A-4956-A421-ABF342BE81B3,SYA,50FA1159-1506-438F-BA35-4B8F796C72BE,SYA,1
12F6309F-8335-4550-B148-AC40582B0126,FDC,DA7D9F99-F547-409A-9FD9-24655A614296,FDC,1
662EE12E-70AF-44F0-8870-AD7B5DA304CD,TOA,6D656C72-8DD9-4049-B790-453EA1F94356,TOA,1
BD9A6775-86EE-4E81-B0DD-ADDA65644BFC,ART,248BBCF2-4387-41F2-9E36-85B707B4356D,ART,1
562B3A84-80C2-4AA5-BD43-AE31835DE0BE,PEQ,4E76074B-D882-4605-A3DE-6F7EF83160EA,PEQ,1
5E621351-65A3-44CB-9B8B-AE58AB0F728D,INB,6D656C72-8DD9-4049-B790-453EA1F94356,INB,1
B51DD1E9-13EA-4955-8889-AE8DE927D0C0,VEN,0848E9FE-EB1C-40F2-8C91-659A5A24D2AC,VEND,1
456660E6-F4B6-423E-92EA-AF4691A9B7BA,PSP,271BA0BD-F6EB-462A-8328-23F519321DA5,PSP,1
98947098-56AB-49D5-876A-AF6F7B849266,TEV,1D56D6DB-0756-4D64-840E-5BFD6F1ECE42,TEV,1
EEDAADD5-4B71-458A-9D2F-B02AC143D795,SAF,8641072E-19FE-41A2-89A9-CA4BA0EA095A,SAF,1
ECC4D644-921D-4028-8E1C-B0539D3E13E2,DOV,213E62FB-4DCF-480D-9A22-68999710161F,DOV,1
925006A1-5E7F-4BB6-A858-B0574B743095,H&W,5E4BBCB6-5D83-4163-A99B-AC6732134F0A,H&W,1
C7CE3CA2-66CC-4BBE-B3AE-B061FB2E4190,MAL,D3DF5F91-78BE-48F1-A946-C7D292252815,MAL,1
9A2BBB04-B188-4E8D-8996-B0856B23A2F0,KFT,785D6EA7-FF10-41AB-836E-BF92B75781CF,KFT,1
756643BC-4B8C-4961-8A7D-B0A89A8B8488,SAT,8641072E-19FE-41A2-89A9-CA4BA0EA095A,SAT,1
756A4A53-20A5-4514-94A1-B149142EED52,PRO,271BA0BD-F6EB-462A-8328-23F519321DA5,PSP,1
6AF993C6-75A4-4555-8BA9-B1A190C97EC7,TAK,DEFE8834-802A-44B3-B2ED-34FF8A646782,TAK,9
6AA8B274-4B7F-413E-8CFB-B1E5A6558E01,TRP,8641072E-19FE-41A2-89A9-CA4BA0EA095A,TRP,1
6EF79EF7-61AC-4C7B-9CEB-B1F14A2E5ECA,ACT,730B2644-406E-44E7-AC71-8523520A43FD,ACT,1
FE25EDA3-75C9-4DA4-BEB3-B21399A4F897,SBR,1AEFF880-090A-4A7F-AD11-539EA080F806,SBR,1
8D5EA9A9-85C8-4BF9-B6D7-B2547DD37DF2,VIN,283070A4-F3E8-41B9-9ECF-7F0B92F69826,VIN,1
56FDFF4B-87D7-4E65-88DD-B2ACD8FEF47C,DEU,A474CA55-9A3E-4220-816B-65B7F97695DE,DEU,1
6B88A9B7-2535-464E-B0FE-B306F23B1219,ALG,7ECF6235-2B98-4CAD-8D48-33D8237144B5,ALG,1
E9508913-4321-4251-9CEC-B45852C8920C,DUR,7ECF6235-2B98-4CAD-8D48-33D8237144B5,DUR,1
AAA5B68B-745C-4E79-A2CB-B4E813C26F0E,SAL,695179A1-CF2F-4995-8E25-9BC38F8D1D35,SAL,1
7D44DF6F-D9F6-410C-A03B-B4F81336AD8F,SQL,69166F88-12BB-4374-A932-3FB08F4101E4,SQL,1
AEB0166A-C132-4200-B3AD-B4FA07E98AA6,SNC,DEFE8834-802A-44B3-B2ED-34FF8A646782,SNC,1
2D281CDF-0A3C-4AA4-A696-B51836F94F7E,TCM,76602939-5F43-4CF8-AA7D-3D9CAA9DA87B,TCM,1
F06BC7A6-6838-4F26-8800-B5E7387F149B,ART,F03B2EA4-2F85-4D99-9825-808A2285F556,ART,1
7420BC85-AD75-4D47-8BC3-B65CA7B50B8E,QSZ,1D56D6DB-0756-4D64-840E-5BFD6F1ECE42,MDF,1
024B2310-C522-4BC0-8E87-B681AE2522CE,ACF,5A40B6C3-2ABA-41DA-9236-B5B2359ACF96,ACF,1
64B19472-C089-41CB-8B4B-B6AE08310C29,TEN,1D56D6DB-0756-4D64-840E-5BFD6F1ECE42,TEN,1
8B4662BA-F0FF-4B0A-9AC6-B7282F9CA5F0,LTE,70DBE1AA-A2D5-4B7D-AEF7-F01D380BFEAB,LTE,1
AA3A641A-204B-43F7-8FE3-B72D1FA91377,TEQ,D3DF5F91-78BE-48F1-A946-C7D292252815,TEQ,1
9FF1BEDD-8EB5-4705-9E88-B73CD49C5225,IWA,5226DE8D-21FA-4E5D-B1B5-740E6F998770,IWA,1
3EF9648B-74FD-4746-87FF-B78AF26BB9CD,BAU,8BC0F342-BA6E-423E-8718-C9FCC3B33D8E,BAU,1
DA8E900A-9309-4F69-9A89-B866EB2C4082,NES,BE0B1C74-DC0E-4D09-B187-71A1C86DC74A,NES,1
49BBD8C8-FFA3-4D4F-A640-B8B183204269,NEU,EAB0009C-0607-464D-85DE-5D68EBCC4967,NEU,1
6F053E88-3C55-4008-A66F-B8B2F9F137A4,CHI,D3DF5F91-78BE-48F1-A946-C7D292252815,CHI,1
1B149F2F-BB82-4A3D-9FC3-B8C4553739DC,TUI,0848E9FE-EB1C-40F2-8C91-659A5A24D2AC,TUI,1
E48A686E-B952-4D27-A012-B9042BAAF254,LAV,B7FA9F02-4F0A-4C39-BB15-CC379905C308,LAV,1
8DDF79E5-A97B-41B0-A48F-B969AF0D0945,PIP,D3DF5F91-78BE-48F1-A946-C7D292252815,PIP,1
7052EB04-590D-4096-8FCC-B99045BC1C2D,ISM,54FDE46F-6E09-47E3-8FD2-6FF859F0387B,KER,1
69EFA50A-30CD-4706-9AA9-BA9628EFD524,ART,76602939-5F43-4CF8-AA7D-3D9CAA9DA87B,ART,1
96B6AF20-86F3-431D-8F1F-BACCB2359A43,A1,7ECF6235-2B98-4CAD-8D48-33D8237144B5,A1,1
9F4A0E5B-DD48-4457-B506-BB12474100CE,PAN,ACD6E132-1BD3-4DAE-B2E0-7BB82DB8AF33,PAN,1
CDE5F339-9B9C-4831-837C-BB17E169F9DA,OTK,785D6EA7-FF10-41AB-836E-BF92B75781CF,OTK,1
177738C4-8E3E-4A55-B9F3-BB946CB207C2,ART,C0D6D37F-3B57-4BFB-8911-B661DEF08917,ART,1
E7A0D897-23EF-446F-943E-BB9CFC0C36FC,NIN,1D56D6DB-0756-4D64-840E-5BFD6F1ECE42,NIN,1
F72C6DC1-FA7B-4381-B076-BBCEE4867020,MAY,695179A1-CF2F-4995-8E25-9BC38F8D1D35,MAY,1
85BB2FCA-0D68-4743-9C31-BC5715A530C3,ART,F03B2EA4-2F85-4D99-9825-808A2285F556,ART,1
573CB798-920D-46C2-8AFF-BCA51A6FD270,MED,3E59EBD1-5923-44EF-8D78-28C6F975D102,MED,1
6024EE70-6FDC-4E48-AEC4-BD1B2B0E0656,BEB,040D3F5E-ED90-4735-9582-1D5D2310394D,BEB,1
84B4E621-4147-4622-B34F-BD49145FE1CA,SNK,E6D68F89-7906-4C1D-9442-082193859055,SNK,1
13321A9E-11CB-4852-BB6B-BD65FFFCC71C,CCD,75AC83F9-D5BD-4644-A363-02CD5CD42756,CCD,1
C96AFB0C-5BFF-4B6F-BA6B-BD74E63CA1E4,WSK,7ECF6235-2B98-4CAD-8D48-33D8237144B5,WSK,1
961DB27B-656D-43F5-A96B-BD8363E685D0,AMB,7C177FA4-BA66-4F81-9DAE-76B7CA2203DE,AMB,1
7CCDF4A5-E9A7-4BAF-B8F8-BDBC5DBE79FE,PAN,717D1E58-8876-4473-9428-53A19F9FE9DD,PAN,1
334A9386-A923-4714-A4CF-BE0A6EF4EDC1,PPN,11FB9F7E-5B12-4136-926F-0D0CBC2F55AD,PPN,1
3B2CEC3F-53C9-4D18-BA77-BEC67500DAC2,AFE,98B4D00D-12A0-4FCB-A483-CB7E9251D268,AFE,9
D5334CE8-4BD6-4CB5-9737-BED599DA7CF1,ART,20E64686-15A6-49C5-9EE3-FD34295B61B0,ART,1
49F90E22-71AA-41E4-82C1-BEEF662F7EFC,COL,75AC83F9-D5BD-4644-A363-02CD5CD42756,OTR,1
647D3AE3-68B3-435E-A9A5-BF0AF43F9B66,BBQ,695179A1-CF2F-4995-8E25-9BC38F8D1D35,BBQ,1
B0EECE6A-D3BD-48A0-922C-BF57F738EF0D,TOA,20E64686-15A6-49C5-9EE3-FD34295B61B0,TOA,1
B9142248-20BE-4459-B495-BF69D08DC0D4,FID,B41C2041-4BD0-49E0-8EBA-3DF8E848EE62,FID,1
66DBF73A-DCED-43AE-8DF0-BFAFF2D222D4,PAÑ,5C9AE38D-ECB3-46D7-B5C3-9CF2A82E6508,PAÑ,1
1AB36CBE-6CA3-4537-B6E4-BFC60465D37A,ARO,10A6501C-77A8-4E0C-8B24-A0645EFCD2ED,ARO,1
F847C97C-A18B-46CB-B50B-C03037811E5F,NOS,4E76074B-D882-4605-A3DE-6F7EF83160EA,NOS,1
18B3AC2C-A5F6-4625-8B89-C09409858C95,SUA,0DCE737F-A5DB-4C7C-BBD3-163C8A675ED7,SUA,1
27694423-B595-473C-BB11-C0B30A8A3044,COL,75AC83F9-D5BD-4644-A363-02CD5CD42756,OTR,1
AD6CFC08-E59E-4C28-AE71-C14AAFFC65A6,OFD,A9B158BA-B4CF-4D9E-AA4F-BE3BE0736969,OTR,1
5C4FA5D6-C43E-47B6-8608-C1B37468D1BB,CGC,796B3C88-E247-42D3-BD18-5BD269A32A0D,CGC,1
ED71C957-FFE2-4776-B85D-C1BD9CA56614,OTR,1B7956F2-3AD5-4AA2-B85C-6C2BA63D7C80,OTR,1
EF5E106B-DC24-4E68-A7B2-C207E7DD5D48,LEJ,5C9AE38D-ECB3-46D7-B5C3-9CF2A82E6508,LEJ,1
E01D1970-613B-4C40-990B-C26E6D20BAAF,BAU,7ECF6235-2B98-4CAD-8D48-33D8237144B5,BAU,1
2F47ED82-4B49-4E44-AC55-C2C80688EB02,CER,7ECF6235-2B98-4CAD-8D48-33D8237144B5,CER,1
99598FD4-B5A8-433E-BFA9-C2E763F2F9B2,RBK,1D56D6DB-0756-4D64-840E-5BFD6F1ECE42,RBK,1
DCE9CEDC-E667-490A-A622-C32F49DCDDDC,MYB,50FA1159-1506-438F-BA35-4B8F796C72BE,MYB,1
152565F3-E878-48E8-B715-C36201C91CF2,MAS,EB74949B-061B-4FF0-BB80-4EA0DB5C07DE,MAS,1
63CFA05C-A439-40A9-85EF-C37B0F1DCF60,DET,0DCE737F-A5DB-4C7C-BBD3-163C8A675ED7,DET,1
5D80B139-CFC2-4D67-9360-C381868D1B41,DCN,A72352B9-352D-4A7F-AB63-E2B489957611,PAÑ,1
8C7AF716-0C52-4697-A2F7-C39480782E0B,YIC,5226DE8D-21FA-4E5D-B1B5-740E6F998770,YIC,1
C3805FB5-4B5D-4CB2-8F3C-C414BBF28B20,PRO,BE0B1C74-DC0E-4D09-B187-71A1C86DC74A,PRO,1
87BDD8B9-155E-4ABB-93F3-C4B12C60E2F8,ISM,54FDE46F-6E09-47E3-8FD2-6FF859F0387B,KRI,1
9E71AE93-FA33-4E43-BBDB-C587D0A07960,OTR,C0D6D37F-3B57-4BFB-8911-B661DEF08917,OTR,1
F553518F-2C51-4E98-8550-C610734A2CFB,YIC,B7FA9F02-4F0A-4C39-BB15-CC379905C308,LAV,1
B5CB1346-BF48-4C88-ACAD-C68101F8DD84,VIC,7ECF6235-2B98-4CAD-8D48-33D8237144B5,VIC,1
726831F2-BA9E-4524-BA6D-C682BDC3DC8B,MAS,A5404ED7-0795-429B-96BD-CD95B51C84A0,MAS,1
F892FEFF-C4AD-4052-A3BC-C6E3A09F9F3D,SEM,700BB1E7-89B2-4489-878A-4BFBBA06D4E6,SEM,1
D5839E32-D20E-494F-B8A5-C7C58D74BFDF,CAR,EB74949B-061B-4FF0-BB80-4EA0DB5C07DE,CAR,1
8D1E8309-80F6-4C96-A2F4-C8370815FD75,DET,9F912BF0-E89F-4448-AC1E-92120DF9F920,DET,1
8867917B-EE99-40A5-B3D8-C8DB29631B3A,GOL,8FE11CCF-1472-4138-9AFC-4CFF44C2B337,GOL,1
1B7BF382-7892-402E-B933-CA1DD5D69A6A,ACT,50BD4D6F-9EA6-4DFD-8A37-3DF6A4EDBAB8,ACT,1
E8F47680-9196-4F5E-93D4-CA2929F95E63,DET,D7EE33D0-C831-4D75-AC26-64ED212B2607,DET,1
11F58903-4A4A-4C20-B87E-CAB99727DE32,OTR,710DFE5B-0695-47C6-9EB2-3685B5B1AC54,OTR,1
959DD644-FB69-4F67-A0A7-CAEEFFFF951B,JAB,EAB0009C-0607-464D-85DE-5D68EBCC4967,JAB,1
4FA3891E-B9E0-4021-97E4-CBE0208919EB,F109020001,20E64686-15A6-49C5-9EE3-FD34295B61B0,PRU,1
DB08DECD-9606-4518-BC59-CC08B4876E7C,SAN,E24D1D65-C668-4145-B672-457649B816DF,SAN,1
25224DEF-551A-4807-AEE9-CCE3F6E134F4,SHA,B41C2041-4BD0-49E0-8EBA-3DF8E848EE62,SHA,1
D58F75FE-A45F-4964-8942-CD099BA19720,EKA,B7FA9F02-4F0A-4C39-BB15-CC379905C308,EKA,1
43350A8D-A3A1-4107-8DE3-CE3944E94D77,MAZ,CFA16448-07FD-4FEC-A4CF-E5D4FAC9D47F,MAZ,1
05DE6479-B279-44F4-8E51-CEE324D3406B,GLO,B41C2041-4BD0-49E0-8EBA-3DF8E848EE62,GLO,1
6306E1FC-3759-4B99-87D3-CF1968983AAF,PET,0848E9FE-EB1C-40F2-8C91-659A5A24D2AC,PET,1
738E1393-4786-4E9E-B647-CF37EFA93E7C,PER,0E1B0A91-5545-4030-9AAB-D7B718E78B3B,PER,1
7300896E-71BE-43FB-9133-CFB84B21366D,BEE,D3DF5F91-78BE-48F1-A946-C7D292252815,BEE,1
2211DF8B-DDF6-4929-8BDC-CFB965488B12,FPE,5226DE8D-21FA-4E5D-B1B5-740E6F998770,FPE,1
5CAF9642-268B-435C-8422-D0176E15A67E,NOS,4E76074B-D882-4605-A3DE-6F7EF83160EA,NOS,1
29A5C6B8-912D-42BA-A170-D05B9B0805BA,BOL,98B4D00D-12A0-4FCB-A483-CB7E9251D268,BOL,9
702B6CD2-9989-427C-8E43-D068B34015E7,ALT,F4E28307-FCC8-4414-8147-D995B35491AB,ALT,1
6A6A1604-B17C-40E3-9682-D07182879CFA,REA,4BDCD572-91B0-4086-B161-7AC90A51E474,REA,1
9BEF8E4C-50B1-4AF8-B3D8-D0E579604A76,ART,AF470452-69B3-416F-BE1C-F644870BA2E9,ART,1
1875FF8F-D7E9-47B6-970E-D15FAA0C301F,PAN,E82B6DDF-5BC6-4785-BD69-D7EBC51ED43D,PAN,9
95480BEF-D20D-484B-9F7E-D22FBA297194,FSD,213E62FB-4DCF-480D-9A22-68999710161F,FSD,1
98AA3D45-D028-40BA-A9D4-D3AE73402253,GUA,0848E9FE-EB1C-40F2-8C91-659A5A24D2AC,GUA,1
91D32FCD-BECB-49B4-A7F4-D3C4D106B053,VIN,BA33EBDD-BCBE-44DA-BF9E-7543812CEDC0,VIN,1
6BCD10B5-258D-4B16-8A76-D45AAE12A7D2,DET,A474CA55-9A3E-4220-816B-65B7F97695DE,DET,1
59616BD0-29D8-402E-A56A-D4B7E0546263,DET,5C9AE38D-ECB3-46D7-B5C3-9CF2A82E6508,DET,1
D971426D-D319-4007-AF47-D5265FCC544F,BRT,785D6EA7-FF10-41AB-836E-BF92B75781CF,BRT,1
0CBC8D48-A6B1-4914-884B-D638998B26CE,HEN,7ECF6235-2B98-4CAD-8D48-33D8237144B5,HEN,1
B80A8873-BD08-44A0-9FC1-D63EDF7FDAB7,OVE,EB74949B-061B-4FF0-BB80-4EA0DB5C07DE,OVE,1
AF5531E4-721A-4918-86C6-D6599E7C298A,GAL,E65DE574-1441-40C2-B7D3-94FA42F8A960,GAL,1
3979BB05-9571-41E6-8CE7-D6E26F1A08C7,FID,717D1E58-8876-4473-9428-53A19F9FE9DD,FID,1
EE80A076-AE7D-4B57-9CDE-D775EF058DFA,INF,C7AAF8A7-0641-4EE3-AADF-93F0A9BD068C,INF,1
36D947FD-DC42-42D3-84A0-D9D9D88F0526,ARZ,48BE9524-C3E5-471A-AC8C-5D32D8444121,ARZ,1
19EB0731-3550-4D18-82D8-DAB505E656BD,VAS,BA33EBDD-BCBE-44DA-BF9E-7543812CEDC0,VAS,1
30BDCCFE-D272-4D1A-9EFA-DABCCD7E749B,COL,7ECF6235-2B98-4CAD-8D48-33D8237144B5,COL,1
4EA64517-B06F-4A42-A023-DADAB62EE128,LEJ,16943EBA-C530-461E-AE1D-953EEBA05747,LEJ,1
E56552B4-7E37-4C65-925B-DB5D1C531EF5,SED,5C9AE38D-ECB3-46D7-B5C3-9CF2A82E6508,SED,1
123A8B82-DD57-484D-B6CF-DB5FEB7D1C7F,ABS,D3DF5F91-78BE-48F1-A946-C7D292252815,ABS,1
4E7FCFC1-812D-43C2-9B21-DB8CD83F3109,DET,AB8A15D5-5C69-46D7-AEF7-14DD2730B9BE,DET,1
36FD29E3-84BC-48D3-ADE6-DDCC13F4FCE8,HOR,8FE11CCF-1472-4138-9AFC-4CFF44C2B337,HOR,1
A10107DB-92D8-45BF-B281-DF3E8B3C8057,LAC,710DFE5B-0695-47C6-9EB2-3685B5B1AC54,LAC,1
91E37F49-4CC1-4AF6-8711-E08653484EB0,JUI,22286F5E-DD89-4962-A6AC-37EF5B89CB27,JUI,1
781C4646-2EB2-4444-8A6B-E0D6AF80733A,LCP,74C3774D-F977-4DE3-ABE1-D951D3AB3AB6,LCP,1
F9D51CE7-02F4-494E-94F5-E11E5DBE1350,LIC,4795FB79-A30A-4CE4-BD28-7F814F86FDE2,LIC,1
912881EF-C16F-493D-889D-E12E806F2A9B,UPF,7ECF6235-2B98-4CAD-8D48-33D8237144B5,UPF,1
F12EEE29-8F11-4430-8650-E18AAD13AE04,BON,DA7D9F99-F547-409A-9FD9-24655A614296,BON,1
3FD8E93F-143C-46A2-B537-E200B9F6168C,WIP,5E4BBCB6-5D83-4163-A99B-AC6732134F0A,WIP,1
0423EBF7-04D1-4659-A8C6-E23429A811B3,SNK,B7FA9F02-4F0A-4C39-BB15-CC379905C308,SNK,1
728F84FD-0A8C-4E91-82FF-E2496E01DDA5,HEI,B7FA9F02-4F0A-4C39-BB15-CC379905C308,HEI,1
7CA10E93-6F2D-4D15-BC98-E26AA6B71ADB,PRY,5226DE8D-21FA-4E5D-B1B5-740E6F998770,PRY,1
CCCAA536-4E25-4F0F-9EE9-E2C54A547203,PAN,839F1881-6215-4CB3-8AFC-19D7BA99CB5A,PAN,1
CD7280EC-4A5C-4581-9B60-E38679DE6E1D,INS,6D656C72-8DD9-4049-B790-453EA1F94356,INS,1
3E490132-AD8E-408F-A5AD-E3918DAC1658,PBA,DA7D9F99-F547-409A-9FD9-24655A614296,PBA,1
AB303D62-F8A1-457E-88DC-E525E4D9AB26,PAN,248BBCF2-4387-41F2-9E36-85B707B4356D,PAN,1
AFF01CDD-00F4-4043-A28B-E536EA9A714C,AME,5226DE8D-21FA-4E5D-B1B5-740E6F998770,AME,1
4B0689B4-6E33-4E23-B8A3-E5594721D56E,LAD,271BA0BD-F6EB-462A-8328-23F519321DA5,LAD,1
91A5B949-A0F5-4286-AAFF-E565063BA9F4,RIC,97B991C6-563C-48DD-9A13-E1430683CC79,RIC,1
BA702FE4-575B-41FE-A759-E5AB3978A739,OTR,7ECF6235-2B98-4CAD-8D48-33D8237144B5,OTR,1
7D555B61-000D-47F0-BE86-E5B313DF4B1A,HIL,75AC83F9-D5BD-4644-A363-02CD5CD42756,HIL,1
F8048A4E-3A1A-43D3-9AB6-E6C5D1CFD8F8,SEL,B41C2041-4BD0-49E0-8EBA-3DF8E848EE62,SEL,1
E98B329A-A753-425A-A9D7-E6E1061F879E,CPM,7ECF6235-2B98-4CAD-8D48-33D8237144B5,CPM,1
BD4A5945-4D69-4939-8C37-E6E30432B84E,AXE,213E62FB-4DCF-480D-9A22-68999710161F,AXE,1
DBA02A02-20E7-480F-80D6-E7A437ED9F47,ENS,1D56D6DB-0756-4D64-840E-5BFD6F1ECE42,ENS,1
36BA2F65-36FD-4682-99EF-E7ADBE87D040,OTR,D3DF5F91-78BE-48F1-A946-C7D292252815,OTR,1
F0A1908E-0A40-4071-9602-E7BCB7AA2C98,ESC,AB8A15D5-5C69-46D7-AEF7-14DD2730B9BE,ESC,1
31F1BF14-2B33-46F3-A76C-E86DA1AA5357,COT,271BA0BD-F6EB-462A-8328-23F519321DA5,COT,1
250CDD0E-034C-48DA-B375-E8831898C2A2,ART,4806B275-4C0A-44DD-A6D6-7308C7478758,ART,1
57644D39-76E5-4CD4-B8C0-E8D15CCE3220,COL,54FDE46F-6E09-47E3-8FD2-6FF859F0387B,COL,1
1DC92C35-B9F0-4443-9653-E8E934A0CB1B,QBF,1AEFF880-090A-4A7F-AD11-539EA080F806,QBF,1
CBB4CB9B-4A2F-4583-AEFB-E8F29C84D3C3,BIM,DEFE8834-802A-44B3-B2ED-34FF8A646782,PYC,1
1DF5299E-2BCE-40F1-9259-E8F40434CC7D,DOR,D268DEA1-67DC-4AA4-9C9A-C64524D34300,DOR,1
0283A8FB-176F-40B1-859C-E91D0C7D768D,DYF,B7FA9F02-4F0A-4C39-BB15-CC379905C308,DYF,1
D683A927-45BF-4EBA-81DE-E932D41B0288,MAR,3A120315-34CD-4542-998C-6EF1BC36ECB6,LEJ,1
959741E7-96DF-427E-B238-E93D18C4E26F,ISM,54FDE46F-6E09-47E3-8FD2-6FF859F0387B,DRI,1
F370DADE-5AA5-4B71-9ADC-EA27DB772AF2,CHO,AFE5B8AC-36A5-4824-A434-E0F6978B19A2,CHO,1
3656BFBB-615A-406B-9B30-EA3D26F21E4E,ALC,EB74949B-061B-4FF0-BB80-4EA0DB5C07DE,ALC,1
A84EB203-8902-40EE-A3A3-EABF4904A448,INF,6D656C72-8DD9-4049-B790-453EA1F94356,INF,1
1932E0F2-6CA4-480C-9A8C-EB0E018398B5,NEP,710DFE5B-0695-47C6-9EB2-3685B5B1AC54,NEP,1
0BA8E213-D9D7-4DBF-80B5-EB14F2467454,PIS,1B7DFF0E-BBA9-4AFB-82D5-219A13241544,PIS,1
4666AE7B-8E76-44B6-80F7-ECC39AA99CC1,DCN,A72352B9-352D-4A7F-AB63-E2B489957611,ARE,1
08A89B1F-12EB-48B4-814D-ECD8C45581E9,OTR,87D4AB46-4F10-4C8E-B098-0BAFC25B4704,OTR,1
4DACCE30-DDA0-4C54-AD37-ED1EDFFAADD5,PED,E8EC7564-8F74-41A2-A7C8-49EF15C50C80,PED,1
CE18B8AC-EF77-4644-9E16-ED6992761877,FDC,7ECF6235-2B98-4CAD-8D48-33D8237144B5,FDC,1
2DC4CCDB-A9A3-46F0-BB8B-EDDADD9C8D9A,GAS,4795FB79-A30A-4CE4-BD28-7F814F86FDE2,GAS,1
5BB03915-7ABC-4D13-8455-EE4B038EE526,ART,B41C2041-4BD0-49E0-8EBA-3DF8E848EE62,ART,1
6CF309AB-E297-4A35-9F40-EE70AAF70CB3,PAN,710DFE5B-0695-47C6-9EB2-3685B5B1AC54,PAN,1
26B48615-4652-40E7-89AF-EE76982E3C32,PAÑ,7ECF6235-2B98-4CAD-8D48-33D8237144B5,PAÑ,1
75BFC1C9-499C-4465-AF23-EF24EAEC33CE,XYZ,A1F06EA5-C3C2-495D-B13D-A2441B295B3E,LINEA GENERICA,1
C0EA7E0F-AB59-45D7-8806-EF30B0FEF80D,NAS,9F912BF0-E89F-4448-AC1E-92120DF9F920,NAS,1
3DDC75CE-50EA-444D-983E-F0AD23771FCB,YES,B7FA9F02-4F0A-4C39-BB15-CC379905C308,YES,1
BEA195C3-F499-4C5B-94B5-F0EF4D84A21F,GJB,1AEFF880-090A-4A7F-AD11-539EA080F806,GJB,1
4E6E5614-A4A0-4FC0-822F-F145A9E7125A,PRP,BE0B1C74-DC0E-4D09-B187-71A1C86DC74A,PRP,1
FB7A9D74-0B70-4DFA-95A3-F18DF198743B,FFE,BE0B1C74-DC0E-4D09-B187-71A1C86DC74A,FFE,1
36EB9E4A-8A8E-4467-B684-F1CE495CA119,PED,1D56D6DB-0756-4D64-840E-5BFD6F1ECE42,PED,1
876E0132-250C-4D11-95CB-F365998A5DF3,JAB,7ECF6235-2B98-4CAD-8D48-33D8237144B5,JAB,1
3CB92BCE-DFD0-47EE-B7C2-F3D9C30F63C0,ECO,EB74949B-061B-4FF0-BB80-4EA0DB5C07DE,ECO,1
03593DD5-A58E-4A15-A6FD-F3F6F45AA636,ALT,9617F4E3-0A2C-4D28-B720-268A9B9EA0A9,ALT,1
E8BC18EA-493B-44CB-9DAF-F515E352344D,ALC,A474CA55-9A3E-4220-816B-65B7F97695DE,ALC,1
C4A44C27-8560-4A38-99F3-F5878BB34451,SNK,F03B2EA4-2F85-4D99-9825-808A2285F556,SNK,1
6FF90E08-5C9F-474A-8059-F5E421445CDD,DOG,EC42FDF8-1A22-40A6-9595-10529A40B769,DOG,1
8AE8D2C2-D42F-4E2D-B849-F5E959F7426C,ISM,54FDE46F-6E09-47E3-8FD2-6FF859F0387B,GEN,1
E4FB7EF0-8852-4292-B435-F73AB4A4A41D,PEQ,4E76074B-D882-4605-A3DE-6F7EF83160EA,PEQ,1
43698DD7-473F-4386-B102-F766C43157E6,AGU,1BDE84D7-9BF9-4E44-973C-685840C57D42,AGU,1
FBCCE41A-CD47-449C-A7FD-F78EE2B31592,NAS,C94F44CC-7077-43BD-A9BC-AE622996899E,NAS,1
0970FC11-2DCE-400B-9485-F7E049FFD73F,ART,F1FD8635-C585-4209-AE97-EA25C9FA7CC7,ART,1
06C1CEA4-EF7C-422A-B5F6-F8B78205197C,TEN,4E76074B-D882-4605-A3DE-6F7EF83160EA,TEN,1
9E03D43D-43A5-45D1-8326-F911195BD5C3,FRO,D3DF5F91-78BE-48F1-A946-C7D292252815,FRO,1
9E6E5AFC-33AF-42D2-BD26-FA2D10EF2F4E,LCO,710DFE5B-0695-47C6-9EB2-3685B5B1AC54,LCO,1
CD06E8D6-E43A-495A-A2AE-FA69CCC89D7D,BEN,BE0B1C74-DC0E-4D09-B187-71A1C86DC74A,BEN,1
44C11FBD-D5B0-40BA-998E-FAC43302B943,OFD,1AEFF880-090A-4A7F-AD11-539EA080F806,OFD,1
10918E32-F267-4DB6-8B5D-FADE2CD7BC17,LIC,2F03B655-43C4-4AFD-99F0-9B157B332205,LIC,1
90DDB320-5689-4102-959F-FB8BA1ADE2A3,NUT,7C177FA4-BA66-4F81-9DAE-76B7CA2203DE,NUT ,1
1509776D-9FAC-414D-BA78-FC37B5299B0F,AZU,09F57149-7585-4F94-8D43-CF09D2EE807C,AZU,1
5F187EF0-2979-4688-A0EC-FC63874E9939,GAH,E24D1D65-C668-4145-B672-457649B816DF,GAH,1
C5273225-D01C-4A4D-A384-FDC3826EAA8E,FRO,60741A1C-0D6D-4AFD-B7A8-86D881B142D2,FRO,1
DCE8ACAE-11ED-46FE-B5CE-FDFE33D81386,CDL,1AEFF880-090A-4A7F-AD11-539EA080F806,CDL,1
602100FF-EEE5-4C97-9274-FE52A75BA3D7,VIG,8FE11CCF-1472-4138-9AFC-4CFF44C2B337,VIG,1
9710AB27-0C4A-4CF4-9420-FE5E209CC651,HED,DA7D9F99-F547-409A-9FD9-24655A614296,HED,1
CC840CEE-E7F7-4024-8730-FEA67A9433D8,CRN,66119939-7821-4ACB-92C0-048F3B19B2F9,CRN,1
46FF9782-9C81-432D-8BBC-FEBF108E26A9,GRU,C94F44CC-7077-43BD-A9BC-AE622996899E,GRU,1
E7941934-F16A-476B-8F94-FF413BFB92D1,TEQ,DA7D9F99-F547-409A-9FD9-24655A614296,TEQ,1
216EFFDB-CC5F-4631-903E-FF9666738AA8,BEB,20E64686-15A6-49C5-9EE3-FD34295B61B0,BEB,1
EBB5C38B-5747-47C6-A1B0-FFA55EE96CDD,GRU,E24D1D65-C668-4145-B672-457649B816DF,GRU,1